MaKhuVuc,MaMon
1,MM001
1,MM002
1,MM003
1,MM004
1,MM005
1,MM006
1,MM007
1,MM008
1,MM009
1,MM010
1,MM011
1,MM012
1,MM013
1,MM014
1,MM015
1,MM016
1,MM017
1,MM018
1,MM019
2,MM001
2,MM002
2,MM003
2,MM004
2,MM005
2,MM006
2,MM007
2,MM008
2,MM009
2,MM010
2,MM011
2,MM012
2,MM013
2,MM014
2,MM015
2,MM016
2,MM017
2,MM018
2,MM019
3,MM001
3,MM002
3,MM003
3,MM004
3,MM005
3,MM006
3,MM007
3,MM008
3,MM009
3,MM010
3,MM011
3,MM012
3,MM013
3,MM014
3,MM015
3,MM016
3,MM017
3,MM018
3,MM019
