MaNV,HoTen,SoNha,Duong,Quan,ThanhPho,NgaySinh,Phai,BoPhan,ChiNhanh,Luong,DangLamViec
000001,Sầm Thiên An,971D,Trần Hưng Đạo,Quận 2,Hà Nội,05/08/1971,Nữ,5,1,17449731,1
000002,Mạc Bích Hảo,873,Nguyễn Hữu Thọ,Quận 9,Đà Nẵng,12/12/1985,Nam,2,1,16113909,0
000003,Chế Minh Hoàng,922D,Đồng Nai,Bình Tân,Đà Nẵng,07/22/1975,Nam,4,1,7009166,0
000004,Phan Tường Chinh,997C,Nguyễn Huệ,Cẩm Lệ,Hồ Chí Minh,09/23/1965,Nam,1,1,7649063,0
000005,Đàm Thụy Trinh,881,Nguyễn Công Trứ,Hoàn Kiếm,Hà Nội,07/27/1999,Nữ,3,1,25355733,0
000006,Đỗ Xuân Phượng,690A,Cửu Long,Tân Bình,Hà Nội,06/14/1974,Nam,3,1,25554202,0
000007,Cao Minh Sơn,738B,Âu Cơ,Tân Phú,Hồ Chí Minh,10/04/1968,Nữ,5,1,21061076,1
000008,Vừ Thiện Luân,57,Tam Đảo,Đống Đa,Đà Nẵng,01/02/1967,Nữ,1,1,9743984,1
000009,Phạm Hữu Ðạt,45,Nguyễn Hữu Thọ,Quận 5,Hồ Chí Minh,02/17/1983,Nam,2,1,15327631,0
000010,Lý Ngọc Diệp,756,Lan,Cẩm Lệ,Đà Nẵng,07/04/1998,Nam,2,1,27532992,1
000011,Hạnh Hoài Vỹ,413,Lê Lợi,Quận 9,Hồ Chí Minh,03/09/1982,Nam,4,1,7160271,0
000012,Đoàn Mạnh Dũng,270A,Bạch Mai,Quận 9,Đà Nẵng,02/06/1976,Nam,4,1,7763733,0
000013,Hoàng Gia Linh,607B,Cách Mạng Tháng Tám,Hà Đông,Hồ Chí Minh,08/31/2006,Nữ,3,1,25315952,1
000014,Triệu Tịnh Nhi,782,Hoàng Diệu,Cẩm Lệ,Đà Nẵng,11/07/1990,Nam,4,1,12088412,1
000015,Nguyễn Nam Hải,536,Bạch Đằng,Thanh Xuân,Hồ Chí Minh,12/31/1972,Nam,1,1,20876699,1
000016,Quách Bảo Ngọc,970,Tôn Thất Tùng,Sơn Trà,Hà Nội,12/30/1999,Nữ,2,1,8433018,1
000017,Nông Triển Sinh,618D,Tăng Bạt Hổ,Bắc Từ Liêm,Hồ Chí Minh,05/11/1967,Nam,4,1,17242615,0
000018,Xà Phúc Nguyên,959D,Bà Nà,Thanh Khê,Hồ Chí Minh,07/06/1983,Nam,4,1,27600758,1
000019,Âu Duy Mỹ,17,Hùng Vương,Quận 4,Đà Nẵng,06/17/2004,Nữ,2,1,8586105,0
000020,Lục Minh Hiếu,233,Bằng Lăng,Nam Từ Liêm,Hà Nội,09/03/1974,Nữ,5,1,23956244,0
000021,Âu Hạo Nhiên,568,Nguyễn Hồng Đào,Bình Tân,Hà Nội,02/15/1986,Nữ,5,2,28910722,1
000022,Chế Huy Khiêm,665D,Võ Nguyên Giáp,Quận 4,Hà Nội,11/10/1989,Nam,4,2,19383000,1
000023,Lục Ý Lan,633C,Phan Châu Trinh,Quận 9,Hà Nội,08/05/1969,Nữ,3,2,15726912,0
000024,Trần Minh Tân,247,Trường Sa,Hoàng Mai,Hồ Chí Minh,02/02/1977,Nữ,1,2,23207470,1
000025,Tăng Ðắc Lực,740C,Trần Phú,Ngũ Hành Sơn,Đà Nẵng,09/15/1967,Nam,3,2,8289855,0
000026,La Yến Trâm,414,Nguyễn Văn Linh,Liên Chiểu,Hồ Chí Minh,12/14/2000,Nữ,5,2,16291856,0
000027,Lâm Bình Dương,961,Phan Bội Châu,Quận 11,Hà Nội,10/27/1994,Nam,2,2,10004716,1
000028,Ninh Ðạt Hòa,958,Lý Tự Trọng,Hai Bà Trưng,Đà Nẵng,03/07/2002,Nam,5,2,8664086,0
000029,Hoàng Nam Dương,138C,Nam Kỳ Khởi Nghĩa,Đống Đa,Đà Nẵng,05/17/1968,Nam,5,2,21874277,0
000030,Khảm Cẩm Hạnh,291A,Nguyễn Du,Cẩm Lệ,Hà Nội,05/20/1983,Nữ,4,2,28129513,1
000031,Viên Kiên Lâm,192B,Cách Mạng Tháng Tám,Quận 6,Hà Nội,03/26/2003,Nam,4,2,21604248,1
000032,Ứng Tố Nhi,137D,Phượng Vĩ,Nam Từ Liêm,Đà Nẵng,04/10/1976,Nam,4,2,24057493,1
000033,Đoàn Thuận Hòa,633,Cầu Giấy,Hải Châu,Hà Nội,07/11/1978,Nữ,5,2,24252930,0
000034,Sử Cao Kỳ,432,Phạm Ngũ Lão,Quận 11,Đà Nẵng,08/05/1984,Nữ,1,2,26945650,0
000035,Vi Ái Nhân,613,Lê Thánh Tôn,Quận 10,Hà Nội,10/12/1985,Nam,1,2,28050552,1
000036,Chế Phúc Lâm,299,Duy Tân,Quận 10,Hồ Chí Minh,08/13/1969,Nam,1,2,12313990,1
000037,Dương Nam Dương,232D,Thống Nhất,Quận 2,Hà Nội,01/05/2008,Nữ,4,2,14261409,1
000038,Hoàng Minh Cảnh,699B,Mít,Hải Châu,Hồ Chí Minh,03/27/1977,Nữ,4,2,13843372,1
000039,Trương Xuân Tường,884,Nguyễn Phúc Nguyên,Ngũ Hành Sơn,Hà Nội,05/07/1985,Nữ,4,2,8964856,0
000040,Cao Ðức Bảo,516,Ba Vì,Ngũ Hành Sơn,Hồ Chí Minh,05/04/1971,Nam,4,2,17517079,0
000041,Diệp Quốc Hải,395B,Giảng Võ,Ngũ Hành Sơn,Hồ Chí Minh,05/26/2003,Nữ,5,3,15535429,1
000042,Dương Minh Tâm,39A,Đồng Khởi,Quận 7,Hà Nội,03/18/1989,Nam,3,3,26315089,1
000043,Hạ Trí Tịnh,563B,Lý Thái Tổ,Hoàn Kiếm,Đà Nẵng,02/25/1994,Nữ,3,3,12956548,0
000044,Khổng Gia Minh,346,Nguyễn Hồng Đào,Đống Đa,Đà Nẵng,12/15/2000,Nam,2,3,16841194,0
000045,Khưu Ðức Quảng,290A,Lan,Thanh Xuân,Đà Nẵng,05/23/1987,Nữ,3,3,25727533,1
000046,Mùa Hương Tiên,931B,Vú Sữa,Cẩm Lệ,Hồ Chí Minh,07/25/1965,Nữ,2,3,21895205,1
000047,Nghiêm Hoàng Linh,477,Đồng Nai,Bình Tân,Hồ Chí Minh,01/18/2007,Nữ,2,3,21204412,0
000048,Hầu Hạnh Linh,909B,Xoài,Ba Đình,Hà Nội,05/11/1992,Nam,2,3,28366941,1
000049,Lương Cẩm Tú,973,Hoàng Văn Thụ,Quận 10,Đà Nẵng,12/18/1978,Nữ,2,3,8043465,1
000050,Giang Hùng Anh,81D,Nguyễn Văn Cừ,Quận 4,Đà Nẵng,01/20/2009,Nữ,2,3,14377023,1
000051,Đồng Yến Ðan,992D,Duy Tân,Quận 5,Hồ Chí Minh,11/25/2001,Nam,5,3,16813494,0
000052,Hoàng Vinh Quốc,119,Hoàng Sa,Nam Từ Liêm,Hà Nội,03/30/1999,Nam,4,3,15927887,1
000053,La Huyền Thoại,248D,Thống Nhất,Tân Phú,Đà Nẵng,10/30/1987,Nữ,5,3,28874389,0
000054,Hầu Thúy Ngà,55,Trần Bình Trọng,Cầu Giấy,Đà Nẵng,09/18/1987,Nữ,1,3,19272086,1
000055,Mang Phúc Nguyên,136C,Hùng Vương,Liên Chiểu,Đà Nẵng,03/22/1988,Nữ,5,3,8306235,0
000056,Lục Ngọc Ngạn,463C,Nguyễn Đình Tứ,Tây Hồ,Hà Nội,09/06/2007,Nam,3,3,16362925,0
000057,Mang Đan Thanh,594D,Giảng Võ,Tân Bình,Hồ Chí Minh,09/08/2006,Nam,5,3,17493904,1
000058,Hạnh Công Phụng,426A,Huỳnh Thúc Kháng,Tân Phú,Hồ Chí Minh,07/19/1987,Nam,3,3,12574318,0
000059,Sầm Yến Loan,830,Tôn Thất Tùng,Cầu Giấy,Đà Nẵng,10/25/1970,Nữ,3,3,25573749,1
000060,Bế Thụy Trinh,798A,Yersin,Đống Đa,Hồ Chí Minh,09/09/1975,Nam,2,3,28039308,0
000061,Trần Hoài Giang,372D,Lê Lợi,Nam Từ Liêm,Hồ Chí Minh,12/26/1991,Nam,5,4,19535246,1
000062,Âu Quang Huy,802D,Xà Cừ,Hoàng Mai,Đà Nẵng,09/13/1975,Nữ,4,4,22359052,1
000063,Mai Diệu Hiền,250D,Duy Tân,Quận 11,Đà Nẵng,06/27/1992,Nữ,3,4,8819354,1
000064,Lò Vân Anh,299D,Võ Thị Sáu,Quận 2,Đà Nẵng,08/03/1982,Nữ,4,4,29391028,0
000065,Đinh Quang Vũ,637,Mít,Thanh Xuân,Hồ Chí Minh,03/05/1986,Nữ,5,4,28072419,0
000066,Khưu Duy Hiền,594,Sao Đen,Liên Chiểu,Hà Nội,10/29/1976,Nữ,2,4,28404029,0
000067,Pá Hương Thủy,179,Hồ Chí Minh,Bắc Từ Liêm,Hồ Chí Minh,09/07/1991,Nữ,2,4,9712082,0
000068,Phạm Khải Tâm,35D,Trần Bình Trọng,Long Biên,Hồ Chí Minh,04/21/1997,Nữ,2,4,25612182,0
000069,Pá Khánh Chi,438C,Hồ Xuân Hương,Ba Đình,Hồ Chí Minh,05/09/1969,Nữ,1,4,18043997,0
000070,Vĩnh Bích Ngọc,285,Tôn Thất Tùng,Ba Đình,Hà Nội,01/28/2003,Nam,4,4,22294459,0
000071,Hầu Xuân Thiện,31,Duy Tân,Tân Bình,Hồ Chí Minh,07/11/1997,Nam,2,4,11611879,0
000072,Châu Trường Chinh,298C,Hàm Thuận Nam,Quận 9,Hà Nội,06/14/1981,Nam,5,4,19701991,0
000073,Âu Hữu Thọ,40A,Nguyễn Trãi,Quận 12,Hồ Chí Minh,06/14/1974,Nam,2,4,20163171,0
000074,Cù Quý Vĩnh,625D,Phan Xích Long,Quận 4,Đà Nẵng,01/08/1974,Nam,2,4,23325646,0
000075,Đinh Quốc Việt,48,Phượng Vĩ,Quận 3,Hà Nội,12/27/1989,Nam,1,4,16130250,1
000076,Lô Cẩm Vân,402,Sài Gòn,Hai Bà Trưng,Hà Nội,12/19/1979,Nữ,3,4,14840477,0
000077,Vừ Từ Ân,575,Tam Đảo,Quận 6,Đà Nẵng,11/15/1975,Nam,5,4,21767894,1
000078,Thạch Giang Thiên,36A,Côn Đảo,Quận 4,Đà Nẵng,02/15/1984,Nữ,3,4,9796891,1
000079,Ngụy Quốc Vũ,160B,Bằng Lăng,Quận 9,Hồ Chí Minh,10/06/1994,Nam,5,4,14112288,1
000080,Viên An Nhàn,695,Độc Lập,Hoàng Mai,Đà Nẵng,04/02/1970,Nữ,2,4,11307476,0
000081,Sa Quang Nhân,241A,Hàm Thuận Nam,Bắc Từ Liêm,Hồ Chí Minh,02/21/2002,Nữ,5,5,20706176,0
000082,Võ Cát Ly,626C,Bà Triệu,Ngũ Hành Sơn,Đà Nẵng,10/03/1980,Nữ,3,5,21600312,0
000083,Đàm Ðình Luận,594B,Quang Trung,Sơn Trà,Hà Nội,12/03/1972,Nam,5,5,13577247,1
000084,Phạm Trang Ðài,506A,Phan Bội Châu,Ngũ Hành Sơn,Hồ Chí Minh,03/31/1975,Nam,2,5,13234296,1
000085,Nghiêm Niệm Nhiên,863,Phạm Văn Đồng,Sơn Trà,Đà Nẵng,10/15/1988,Nữ,3,5,10301094,1
000086,Viên Hữu Từ,694,Ngô Quyền,Thanh Khê,Hà Nội,02/25/1983,Nam,5,5,18657543,0
000087,Bế Công Hải,522A,Hàm Nghi,Cẩm Lệ,Hà Nội,01/09/1993,Nam,1,5,7521138,0
000088,Ứng Thế Sơn,424,Châu Văn Liêm,Ngũ Hành Sơn,Đà Nẵng,04/07/1966,Nữ,2,5,23727684,0
000089,Phạm Xuân Kiên,56B,Hồ Chí Minh,Hải Châu,Hồ Chí Minh,11/21/2005,Nữ,3,5,13110612,0
000090,Thạch Nhân Sâm,59,Âu Cơ,Tân Phú,Hồ Chí Minh,02/09/2006,Nam,4,5,24253012,1
000091,Hạ Hoàng Thư,204,Đinh Tiên Hoàng,Bắc Từ Liêm,Đà Nẵng,02/23/1976,Nam,1,5,21991904,1
000092,Bế Hữu Thiện,736D,Nguyễn Huệ,Ngũ Hành Sơn,Đà Nẵng,10/11/2002,Nữ,5,5,28252785,1
000093,Trần Trọng Trí,589,Nguyễn Đình Chiểu,Ngũ Hành Sơn,Hồ Chí Minh,08/06/1965,Nữ,3,5,25876679,1
000094,Trương Dương Anh,234B,Lan,Thanh Khê,Đà Nẵng,07/16/2006,Nữ,2,5,15957009,1
000095,Mùa Chí Thanh,75,Nguyễn Huệ,Quận 1,Hà Nội,06/08/1980,Nữ,4,5,26634831,0
000096,Hoàng Minh Toàn,89,Xà Cừ,Thanh Xuân,Hồ Chí Minh,01/26/1990,Nữ,1,5,19231239,0
000097,Cao Ðông Phương,431A,Hàm Thuận Nam,Thanh Khê,Hồ Chí Minh,08/14/1984,Nam,1,5,23818311,1
000098,Cái Thường Xuân,828,Đồng Khởi,Liên Chiểu,Đà Nẵng,08/14/1970,Nữ,4,5,11295624,1
000099,Sa Trúc Quân,393,Xoài,Quận 9,Hà Nội,08/18/2005,Nữ,3,5,25243782,1
000100,Tạ Duy Cẩn,825,Nguyễn Khuyến,Hoàn Kiếm,Hồ Chí Minh,11/17/1992,Nữ,3,5,13683702,1
000101,Thạch Hải San,147,Yersin,Tây Hồ,Hà Nội,07/01/1993,Nữ,5,6,12999574,0
000102,Cù Quang Hùng,551A,Pasteur,Quận 1,Hà Nội,10/28/1980,Nam,1,6,24306475,0
000103,Hồng Ðan Quế,48,Cầu Giấy,Quận 4,Đà Nẵng,06/10/1974,Nam,3,6,29184294,0
000104,Lương Dân Hiệp,584D,Giảng Võ,Sơn Trà,Hà Nội,02/13/2001,Nữ,1,6,23231330,0
000105,Giáp Phong Châu,499B,Đồng Khởi,Hai Bà Trưng,Hà Nội,07/13/1969,Nam,1,6,11359214,1
000106,Mẫn Gia Phước,149C,Lê Quang Đạo,Cẩm Lệ,Đà Nẵng,10/27/1984,Nam,4,6,9010829,1
000107,Tạ Vân Thúy,67B,Trường Chinh,Sơn Trà,Đà Nẵng,05/20/1975,Nữ,1,6,28450012,1
000108,Ngụy Huệ Lâm,388B,Bạch Mai,Ngũ Hành Sơn,Hồ Chí Minh,05/17/1997,Nữ,3,6,17792680,1
000109,Trịnh Khắc Tuấn,788D,Hùng Vương,Cẩm Lệ,Hồ Chí Minh,01/07/1994,Nam,4,6,26110637,1
000110,Triệu Đinh Hương,673A,Điện Biên,Nam Từ Liêm,Hồ Chí Minh,05/09/1973,Nữ,1,6,23503394,0
000111,Lý Tùng Lâm,470,Mai Vàng,Tân Phú,Hà Nội,10/20/2002,Nam,2,6,8878660,0
000112,Đường Ðức Bảo,405,Nguyễn Phúc Nguyên,Long Biên,Đà Nẵng,02/17/1987,Nữ,5,6,25546404,0
000113,Vũ Xuân Quân,386C,Nam Kỳ Khởi Nghĩa,Quận 6,Đà Nẵng,01/09/1969,Nam,3,6,28364379,1
000114,Đoàn Cao Thọ,939,Nguyễn Thiện Thuật,Quận 12,Hồ Chí Minh,06/21/1998,Nam,5,6,23583309,1
000115,Vĩnh Quang Thiên,721B,Đào,Hải Châu,Hà Nội,12/22/2004,Nam,3,6,25711229,1
000116,Tăng Bảo Quốc,699D,Điện Biên Phủ,Hoàn Kiếm,Hồ Chí Minh,12/17/1972,Nữ,5,6,23556949,1
000117,Phạm Hằng Anh,551,Sấu,Ngũ Hành Sơn,Hồ Chí Minh,01/12/1988,Nữ,2,6,22155842,1
000118,Chế Tuấn Hải,591C,Nguyễn Phúc Nguyên,Bình Tân,Hà Nội,03/31/1976,Nam,5,6,10718128,0
000119,Mang Quốc Thịnh,725A,Hoàng Văn Thụ,Thanh Khê,Hà Nội,10/10/1979,Nữ,3,6,26419993,1
000120,Ngô Duy An,611,Hoàng Sa,Thanh Khê,Hà Nội,08/31/1979,Nam,2,6,24311962,1
000121,Lý Ðắc Di,549C,Lê Lợi,Thanh Xuân,Đà Nẵng,09/29/1966,Nam,5,7,29509604,0
000122,Tống Quốc Thịnh,670,Xoài,Quận 11,Hà Nội,11/13/1983,Nữ,2,7,17007183,0
000123,Giang Yên Bằng,72B,Đinh Tiên Hoàng,Tây Hồ,Hồ Chí Minh,02/24/2001,Nam,3,7,19089252,1
000124,Triệu Thục Oanh,491,Bạch Mai,Cẩm Lệ,Hà Nội,02/02/1974,Nữ,5,7,7977313,0
000125,Triệu Lâm Vũ,936A,Trường Sa,Hải Châu,Hồ Chí Minh,04/22/2008,Nam,3,7,16809041,1
000126,Lường Bình Minh,158B,Hồ Xuân Hương,Nam Từ Liêm,Hà Nội,01/03/1986,Nữ,1,7,22214616,0
000127,Nguyễn Hải Ðường,122B,Sấu,Quận 9,Đà Nẵng,06/08/1999,Nam,3,7,23000219,1
000128,Thái Phong Châu,41A,Nguyễn Hồng Đào,Cẩm Lệ,Hồ Chí Minh,01/26/1968,Nữ,4,7,10489983,1
000129,Xà Hữu Thực,532D,Độc Lập,Quận 9,Hà Nội,01/20/1967,Nữ,5,7,21026553,1
000130,Từ Xuân Khoa,151,Nguyễn Khuyến,Thanh Khê,Hồ Chí Minh,10/30/2002,Nam,4,7,15131616,0
000131,Lâm Vương Triều,711,Cầu Giấy,Quận 1,Đà Nẵng,11/20/1988,Nữ,1,7,23781869,0
000132,Trương Phú Thọ,339B,Lê Thánh Tôn,Hoàng Mai,Đà Nẵng,11/30/1995,Nam,4,7,11577765,1
000133,Đinh Khánh Huyền,922,Lê Lợi,Hà Đông,Hồ Chí Minh,11/02/1972,Nam,1,7,15446133,1
000134,Hầu Nam Thanh,674B,Bà Triệu,Cẩm Lệ,Hồ Chí Minh,03/11/1990,Nữ,1,7,9251817,0
000135,Y Nghị Quyền,242B,Hồ Chí Minh,Cẩm Lệ,Đà Nẵng,06/16/1999,Nam,3,7,13672299,1
000136,Hàn Quang Thái,278B,Tam Đảo,Ngũ Hành Sơn,Hồ Chí Minh,12/25/1988,Nữ,1,7,7320390,0
000137,Đinh Di Nhiên,839C,Hàm Thuận Nam,Quận 11,Hồ Chí Minh,01/07/1985,Nữ,5,7,14413109,1
000138,Mè Ðức Thành,232B,Hồ Chí Minh,Thanh Khê,Đà Nẵng,07/22/1983,Nam,4,7,15306279,1
000139,Lô Việt Mi,847,Phạm Văn Đồng,Quận 3,Đà Nẵng,11/01/1997,Nữ,3,7,29099445,1
000140,Mùa Trung Anh,1,Hoàng Văn Thụ,Quận 3,Đà Nẵng,02/10/1991,Nữ,3,7,7950431,0
000141,Sử Huệ Hương,938B,Nguyễn Khuyến,Nam Từ Liêm,Hồ Chí Minh,01/10/2003,Nam,5,8,25791075,0
000142,Lục Lương Quyền,241,Đinh Tiên Hoàng,Hà Đông,Hồ Chí Minh,08/10/1966,Nữ,2,8,14653710,1
000143,Giang Tấn Lợi,351,Phan Bội Châu,Quận 2,Đà Nẵng,04/04/1965,Nữ,3,8,25465879,0
000144,Lâm Nhật Hồng,600,Sài Gòn,Liên Chiểu,Đà Nẵng,07/31/1972,Nam,3,8,11972855,0
000145,Khưu Tích Ðức,322,Sấu,Bình Tân,Hà Nội,06/12/1984,Nữ,3,8,12395966,1
000146,Vừ Phi Hùng,722,Nguyễn Hồng Đào,Long Biên,Hồ Chí Minh,10/21/1968,Nam,1,8,27798570,1
000147,Bạch Tuyền Lâm,91C,Phạm Văn Đồng,Quận 12,Hồ Chí Minh,05/09/1996,Nam,5,8,27193213,0
000148,Trịnh Việt Khuê,722,Điện Biên,Sơn Trà,Đà Nẵng,08/25/2008,Nữ,5,8,21446219,0
000149,Đàm Anh Quốc,96B,Cách Mạng Tháng Tám,Hải Châu,Hà Nội,01/14/1967,Nữ,1,8,19359642,0
000150,Thạch Hữu Tường,802,Lê Lợi,Hải Châu,Hồ Chí Minh,04/01/1993,Nữ,5,8,22496666,0
000151,Âu Quốc Minh,882,Bà Triệu,Tân Bình,Hồ Chí Minh,07/25/1977,Nữ,5,8,9572131,0
000152,Ứng Tuệ Mẫn,935D,Lê Văn Sỹ,Hai Bà Trưng,Hà Nội,03/17/2001,Nam,1,8,8846621,1
000153,Ứng Thiện Tính,195D,Nguyễn Hồng Đào,Quận 6,Hà Nội,07/31/1995,Nam,5,8,8291847,0
000154,Đàm Bích Hải,538B,Nguyễn Phúc Nguyên,Ngũ Hành Sơn,Hà Nội,11/14/2007,Nữ,4,8,22128401,1
000155,Cảnh Bình An,370A,Võ Thị Sáu,Quận 4,Hà Nội,06/27/1974,Nam,5,8,23620318,1
000156,Châu Ðan Quế,727,Hoàng Sa,Quận 8,Đà Nẵng,12/03/2008,Nữ,1,8,27344211,0
000157,Âu Ngọc Ðoàn,813,Nguyễn Khuyến,Hải Châu,Hà Nội,12/05/1971,Nữ,1,8,19660336,0
000158,Cao Thiếu Cường,850C,Nguyễn Du,Quận 9,Hà Nội,01/07/1981,Nữ,4,8,22501528,1
000159,Vương Minh Lý,653,Nguyễn Thiếp,Tây Hồ,Đà Nẵng,05/20/1993,Nam,3,8,27084493,1
000160,Ninh Gia Uy,646C,Xà Cừ,Quận 2,Đà Nẵng,02/06/1981,Nam,4,8,28046053,0
000161,Đoàn Gia Hưng,529,Chiến Thắng,Hà Đông,Đà Nẵng,11/17/1980,Nữ,5,9,24734858,1
000162,Lương Ðông Dương,331D,Hồ Chí Minh,Sơn Trà,Hà Nội,11/04/2003,Nữ,3,9,28759479,0
000163,Lương Khánh Hải,851A,Âu Cơ,Nam Từ Liêm,Hà Nội,05/10/1988,Nam,5,9,29633520,1
000164,Châu Quang Hòa,774B,Tăng Bạt Hổ,Ngũ Hành Sơn,Đà Nẵng,09/07/1996,Nam,4,9,19709496,0
000165,Ứng Ðông Vy,949B,Huỳnh Thúc Kháng,Đống Đa,Hà Nội,05/07/1998,Nữ,1,9,28728604,0
000166,Tôn Bá Cường,957C,Bạch Mai,Hoàn Kiếm,Đà Nẵng,02/22/2007,Nam,1,9,16848439,1
000167,Phan Nhật Duy,19A,Phan Châu Trinh,Long Biên,Hà Nội,10/28/1970,Nam,5,9,22494624,0
000168,Lâm Tiến Hoạt,193D,Côn Đảo,Cầu Giấy,Hà Nội,04/23/1997,Nữ,3,9,22861644,0
000169,Mùa Phương Triều,280B,Vú Sữa,Quận 3,Hà Nội,05/09/1998,Nữ,5,9,22579617,1
000170,Mạc Dân Khánh,255D,Hàm Thuận Nam,Hai Bà Trưng,Hồ Chí Minh,06/28/1974,Nam,5,9,24388887,1
000171,Thạch Nhật Dũng,918B,Nguyễn Thị Minh Khai,Quận 3,Hồ Chí Minh,04/03/1977,Nữ,5,9,8533734,1
000172,Ứng Tú Quyên,211A,Nguyễn Du,Quận 4,Hà Nội,09/19/1976,Nữ,1,9,23706557,1
000173,Sầm Minh Nhu,386,Nguyễn Thị Minh Khai,Tân Bình,Hồ Chí Minh,10/05/2001,Nữ,2,9,28747923,0
000174,Lý Hữu Khanh,94,Trường Chinh,Hoàn Kiếm,Đà Nẵng,05/04/1970,Nam,5,9,17231163,0
000175,Đèo Tuấn Linh,924C,Hồng,Nam Từ Liêm,Đà Nẵng,02/25/1987,Nữ,4,9,19143579,0
000176,Y Ðức Thọ,530,Trần Hưng Đạo,Sơn Trà,Hồ Chí Minh,04/30/2006,Nữ,3,9,24464621,0
000177,Xà Duy Uyên,558,Cách Mạng Tháng Tám,Quận 12,Đà Nẵng,02/15/1997,Nam,3,9,22150886,0
000178,Sử Tuấn Hải,263,Hoàng Văn Thụ,Liên Chiểu,Đà Nẵng,03/31/1987,Nam,3,9,18387736,0
000179,Đặng Chiêu Phong,534,Nguyễn Hữu Thọ,Sơn Trà,Đà Nẵng,09/11/1981,Nam,2,9,9479252,1
000180,Triệu Ngọc Khôi,141C,Ba Vì,Quận 11,Hồ Chí Minh,07/04/1996,Nam,3,9,10080939,1
000181,Khưu Tuyết Xuân,343,Cúc,Thanh Khê,Đà Nẵng,02/02/1985,Nữ,5,10,23061250,1
000182,Hồ Trung Hiếu,7A,Mai Vàng,Hoàng Mai,Hà Nội,10/26/1971,Nữ,3,10,17059525,0
000183,Ngụy Duy Ngôn,391D,Xoài,Tân Bình,Đà Nẵng,12/22/1992,Nữ,1,10,26767480,1
000184,Sầm Thiên Phú,99,Trần Hưng Đạo,Quận 6,Hà Nội,02/17/1993,Nam,5,10,10645834,1
000185,Lường Cẩm Vân,103A,Nguyễn Văn Linh,Hai Bà Trưng,Hồ Chí Minh,01/18/1999,Nữ,4,10,13357772,0
000186,Võ Ðức Long,832B,Bạch Đằng,Sơn Trà,Hà Nội,11/11/1999,Nam,5,10,18212777,1
000187,Ông Cao Kỳ,790B,Hàm Nghi,Hải Châu,Đà Nẵng,05/01/1969,Nam,5,10,7394421,1
000188,Y Nguyên Ðan,62B,Nguyễn Đình Chiểu,Bắc Từ Liêm,Hà Nội,02/26/1972,Nữ,2,10,9301787,1
000189,Tăng Ðức Tường,267,Thống Nhất,Quận 10,Đà Nẵng,07/31/2004,Nữ,4,10,28686332,0
000190,Nông Quang Hòa,341,Nguyễn Hồng Đào,Tân Bình,Đà Nẵng,02/16/2003,Nam,5,10,26713129,0
000191,Âu Thành Nhân,543A,Huỳnh Thúc Kháng,Quận 3,Hà Nội,01/13/1984,Nam,5,10,18128246,0
000192,Hoàng Trung Thành,780C,Lê Quang Đạo,Nam Từ Liêm,Hà Nội,08/31/1986,Nam,3,10,28619326,0
000193,Ứng Hải Sinh,199,Phan Xích Long,Quận 11,Đà Nẵng,10/20/2008,Nữ,5,10,18143864,1
000194,Tôn Thanh Hải,970C,Cầu Giấy,Thanh Khê,Hà Nội,07/15/1997,Nữ,1,10,10449967,1
000195,Khổng Ánh Nguyệt,661,Xà Cừ,Quận 10,Đà Nẵng,05/21/1971,Nam,1,10,12629351,1
000196,Đỗ Cương Quyết,820C,Bạch Đằng,Quận 12,Đà Nẵng,05/31/1997,Nữ,1,10,9001777,1
000197,Huỳnh Duy Hiền,497C,Quốc Lộ 1A,Quận 5,Hà Nội,08/07/1976,Nữ,1,10,14742185,1
000198,Ngụy Tấn Sinh,642D,Pasteur,Quận 8,Hồ Chí Minh,03/29/1965,Nữ,4,10,12730611,1
000199,Phan Công Lộc,918B,Phan Bội Châu,Tân Bình,Hà Nội,06/09/1973,Nữ,4,10,20674349,1
000200,Y Hồng Ðào,200C,Đinh Tiên Hoàng,Đống Đa,Đà Nẵng,04/25/1991,Nữ,2,10,10862561,0
000201,Lò Trọng Kiên,804C,Tăng Bạt Hổ,Nam Từ Liêm,Đà Nẵng,11/01/1981,Nam,5,11,23655044,1
000202,Hồ Hồng Nhạn,194A,Lê Quang Đạo,Ba Đình,Đà Nẵng,02/28/1981,Nữ,2,11,23413637,0
000203,Đàm Quang Lâm,167A,Phan Bội Châu,Bắc Từ Liêm,Đà Nẵng,01/14/2009,Nam,3,11,25759504,0
000204,Nghiêm Ngọc Diệp,252B,Võ Nguyên Giáp,Tân Bình,Hồ Chí Minh,01/07/1982,Nữ,4,11,18577392,1
000205,Xà Tường Chinh,356A,Nguyễn Đình Chiểu,Cầu Giấy,Hà Nội,02/02/1996,Nữ,4,11,27646522,0
000206,Bạch Hồng Minh,581,Nguyễn Khuyến,Quận 8,Đà Nẵng,10/27/1982,Nam,2,11,16823322,0
000207,Từ Huy Hoàng,642,Điện Biên,Sơn Trà,Hồ Chí Minh,07/29/1973,Nam,4,11,23575889,0
000208,Phạm Tuyền Lâm,602,Phượng Vĩ,Quận 12,Hồ Chí Minh,09/02/1978,Nữ,1,11,26343778,1
000209,Nghiêm Huy Chiểu,182,Phạm Văn Đồng,Thanh Khê,Hồ Chí Minh,02/22/1973,Nữ,5,11,9745313,1
000210,Ninh Minh Triết,427,Đinh Tiên Hoàng,Thanh Khê,Đà Nẵng,01/10/1965,Nữ,4,11,14127619,0
000211,Mai Thiện Sinh,958,Hồ Xuân Hương,Cẩm Lệ,Hà Nội,06/07/1981,Nam,4,11,24070075,0
000212,Triệu Xuân Minh,660B,Nguyễn Hồng Đào,Ngũ Hành Sơn,Hồ Chí Minh,04/05/1979,Nam,2,11,21005017,0
000213,Vũ Thụy Miên,965A,Pasteur,Tân Bình,Hồ Chí Minh,09/01/1974,Nữ,3,11,22883325,0
000214,Nguyễn Gia Cần,889,Cầu Giấy,Long Biên,Hồ Chí Minh,03/16/1965,Nam,1,11,20313875,1
000215,Hà Tâm Hằng,551,Võ Thị Sáu,Bắc Từ Liêm,Đà Nẵng,08/22/1976,Nam,1,11,26760470,0
000216,Đàm Tùng Linh,43B,Hồng,Quận 5,Hồ Chí Minh,01/10/1970,Nữ,3,11,14684605,1
000217,Hạ Quang Ðạt,244,Kim Mã,Quận 1,Hà Nội,08/21/1974,Nữ,1,11,17924320,1
000218,Ứng Hạnh Chi,951B,Tăng Bạt Hổ,Cẩm Lệ,Hà Nội,06/29/1966,Nam,3,11,19325756,1
000219,Khổng Tường Minh,441C,Nguyễn Văn Linh,Tân Bình,Hồ Chí Minh,06/07/1985,Nữ,2,11,23252032,1
000220,Lục Bích Loan,197,Nguyễn Phúc Nguyên,Thanh Xuân,Hà Nội,11/01/1966,Nam,5,11,22818020,1
000221,Đinh Phúc Sinh,569D,Lê Quang Đạo,Bình Tân,Hà Nội,03/23/2002,Nam,5,12,17081406,0
000222,Cái Công Hiếu,472A,Võ Thị Sáu,Hai Bà Trưng,Đà Nẵng,06/07/2008,Nữ,5,12,22290893,1
000223,Trương Quang Hòa,62D,Nguyễn Đình Tứ,Hoàn Kiếm,Đà Nẵng,07/08/1995,Nữ,3,12,19849487,1
000224,Kiều Bích Hậu,375A,Châu Văn Liêm,Liên Chiểu,Hà Nội,02/01/1997,Nữ,1,12,20059564,0
000225,Vũ Hữu Lương,20B,Cầu Giấy,Tây Hồ,Hà Nội,11/30/1991,Nữ,2,12,11750708,0
000226,Tạ Xuân Nương,620D,Bạch Đằng,Tân Phú,Đà Nẵng,03/05/1985,Nam,1,12,25846423,0
000227,Mè Minh Lý,547B,Ngô Quyền,Ngũ Hành Sơn,Hồ Chí Minh,12/31/1993,Nữ,2,12,26487217,0
000228,Ngụy Cẩm Yến,782,Châu Văn Liêm,Sơn Trà,Hà Nội,11/09/2004,Nam,2,12,23168156,1
000229,Lò Thạch Sơn,167D,Bằng Lăng,Quận 6,Hồ Chí Minh,11/21/1993,Nam,1,12,14263180,0
000230,Đỗ Ðại Dương,10D,Côn Đảo,Hải Châu,Đà Nẵng,02/24/2005,Nam,3,12,23402847,0
000231,Hứa An Di,676B,Võ Thị Sáu,Tây Hồ,Hồ Chí Minh,04/17/1989,Nữ,1,12,21048218,1
000232,Bồ Khánh Giao,210,Hùng Vương,Quận 8,Hồ Chí Minh,04/03/1998,Nam,2,12,12715756,0
000233,Vi Hữu Toàn,154,Nguyễn Công Trứ,Hoàn Kiếm,Đà Nẵng,04/12/1985,Nữ,5,12,24613529,1
000234,Giáp Nam Thanh,915B,Cách Mạng Tháng Tám,Tân Phú,Hồ Chí Minh,03/06/1992,Nữ,4,12,25520217,1
000235,Đoàn Bích Ngân,565C,Vú Sữa,Quận 2,Hồ Chí Minh,07/21/1979,Nam,1,12,24149963,1
000236,Huỳnh Quang Hà,54,Huỳnh Thúc Kháng,Quận 3,Hà Nội,12/12/1996,Nữ,2,12,10094870,0
000237,Bùi Vân Trang,717D,Chiến Thắng,Tân Phú,Hồ Chí Minh,08/03/1997,Nam,5,12,22359697,1
000238,Vi Anh Sơn,586,Hồ Xuân Hương,Tây Hồ,Hồ Chí Minh,04/01/1976,Nữ,2,12,16148211,1
000239,Khổng Hải Dương,207,Bưởi,Đống Đa,Hồ Chí Minh,01/24/1965,Nam,2,12,19957276,1
000240,Lý Hạnh Thảo,284C,Điện Biên,Đống Đa,Hồ Chí Minh,12/18/1997,Nam,2,12,20503707,1
000241,Triệu Ðức Phú,991,Quốc Lộ 1A,Quận 4,Đà Nẵng,07/14/1976,Nữ,5,13,26109041,0
000242,Đinh Mạnh Nghiêm,735D,Nguyễn Hữu Thọ,Tây Hồ,Đà Nẵng,02/19/1994,Nam,3,13,29521760,1
000243,Quách Mộng Giác,939A,Lang Biang,Tân Phú,Hà Nội,09/21/1995,Nữ,3,13,9781684,0
000244,Đàm Phước Thiện,950B,Nguyễn Đình Chiểu,Đống Đa,Hồ Chí Minh,05/31/1977,Nam,4,13,16949217,0
000245,Hứa Hùng Cường,492C,Hoàng Sa,Thanh Xuân,Đà Nẵng,12/13/1988,Nam,3,13,22015963,0
000246,Sử Duy Mạnh,64,Võ Nguyên Giáp,Cẩm Lệ,Hà Nội,04/25/2002,Nam,2,13,10322167,0
000247,Lý Gia Bình,813D,Lan,Quận 11,Hà Nội,05/06/1991,Nữ,1,13,7323984,0
000248,La Cát Tường,640,Nam Kỳ Khởi Nghĩa,Ngũ Hành Sơn,Đà Nẵng,04/23/2008,Nam,5,13,20829234,1
000249,Giang Minh Quân,292,Tôn Đức Thắng,Hải Châu,Hà Nội,08/31/1987,Nữ,4,13,9382001,1
000250,Dương Đông Tuyền,572,Phạm Văn Đồng,Hải Châu,Hà Nội,04/23/1965,Nữ,2,13,29696375,1
000251,Lý Duy Tâm,292,Cúc,Hai Bà Trưng,Hà Nội,07/13/1995,Nữ,2,13,27472193,0
000252,Chế Trọng Chính,854D,Phan Bội Châu,Hà Đông,Hồ Chí Minh,02/09/1979,Nữ,5,13,17948575,0
000253,Hầu Hương Ly,320D,Đào,Quận 4,Hà Nội,05/28/1976,Nam,3,13,8509341,1
000254,Mai Tuấn Khanh,991B,Cửu Long,Ngũ Hành Sơn,Hà Nội,11/24/1993,Nữ,5,13,10014884,0
000255,Hạnh Quốc Thành,439,Hồng,Quận 6,Hà Nội,04/07/1978,Nam,5,13,28593104,1
000256,Quách Ngọc Huy,305C,Điện Biên Phủ,Liên Chiểu,Hà Nội,04/09/2000,Nam,5,13,21254692,0
000257,Ứng Tường Vy,107,Sấu,Quận 8,Đà Nẵng,06/20/1984,Nữ,4,13,22049135,1
000258,Tiêu Bảo Pháp,464,Nam Kỳ Khởi Nghĩa,Bắc Từ Liêm,Hà Nội,02/27/1991,Nam,5,13,12406216,1
000259,Mẫn Uyển Nhã,841,Nguyễn Hồng Đào,Bắc Từ Liêm,Hồ Chí Minh,04/10/2007,Nam,4,13,13016521,0
000260,Ứng Ðông Hải,762,Lê Văn Sỹ,Ngũ Hành Sơn,Hà Nội,05/25/1983,Nữ,4,13,7419717,0
000261,Kiều Ðình Chương,499,Xoài,Hoàn Kiếm,Hồ Chí Minh,10/19/1986,Nữ,5,14,25273565,1
000262,Đèo Ngọc Cảnh,212B,Kim Mã,Cầu Giấy,Hồ Chí Minh,07/19/1985,Nam,4,14,15835410,0
000263,Mạc Hồng Khôi,894A,Đinh Tiên Hoàng,Quận 2,Hà Nội,04/20/1988,Nữ,1,14,18367460,1
000264,Kiều Hữu Trác,435A,Anh Đào,Hải Châu,Hồ Chí Minh,01/07/1992,Nữ,2,14,23056240,0
000265,Đặng Duy Cường,160A,Tăng Bạt Hổ,Thanh Khê,Hồ Chí Minh,06/26/1971,Nam,4,14,11706670,1
000266,Phạm Thiên Bửu,902,Sao Đen,Quận 12,Hồ Chí Minh,12/25/1989,Nam,5,14,22085909,1
000267,Quỳnh Gia Phúc,37D,Trần Hưng Đạo,Quận 10,Hồ Chí Minh,05/19/1976,Nữ,2,14,13357301,1
000268,Khưu Bích Huệ,625C,Ngô Quyền,Đống Đa,Hà Nội,03/16/1998,Nữ,1,14,20598730,0
000269,Đỗ Khiết Tâm,156,Bạch Mai,Đống Đa,Hà Nội,05/22/1968,Nam,1,14,24863190,0
000270,Chỉnh Hòa Hợp,681,Trần Hưng Đạo,Thanh Khê,Hà Nội,04/22/1968,Nữ,1,14,21837151,0
000271,Lý Trúc Loan,46B,Nguyễn Thị Minh Khai,Quận 11,Hà Nội,04/20/2004,Nam,2,14,14878922,1
000272,Trương Xuân Huy,305,Lang Biang,Thanh Xuân,Hồ Chí Minh,09/10/1971,Nam,4,14,7510582,0
000273,Bồ Yên Bằng,932D,Vú Sữa,Quận 2,Hà Nội,01/22/1991,Nữ,3,14,22708048,0
000274,Hồng Thành Phương,303A,Bằng Lăng,Hoàng Mai,Hồ Chí Minh,06/03/1986,Nữ,2,14,28693466,1
000275,Vĩnh Huy Thông,298,Trần Phú,Quận 10,Hà Nội,10/01/2000,Nữ,1,14,21246495,0
000276,Y Ðông Phong,521A,Cách Mạng Tháng Tám,Hoàng Mai,Đà Nẵng,05/19/1987,Nam,1,14,15055560,1
000277,Ứng Gia Khiêm,202,Nguyễn Khuyến,Quận 4,Đà Nẵng,04/09/2003,Nam,1,14,28410506,0
000278,Thái Anh Tú,842A,Võ Thị Sáu,Quận 7,Hồ Chí Minh,01/04/1993,Nam,1,14,13818971,0
000279,Cù Việt Anh,158,Trường Chinh,Hoàng Mai,Đà Nẵng,10/31/1966,Nam,3,14,11893347,0
000280,Tăng Gia Hưng,524B,Lim,Hoàn Kiếm,Đà Nẵng,10/02/1974,Nam,4,14,21355933,1
000281,Thái Nhật Tiến,218A,Nguyễn Đình Chiểu,Hải Châu,Hà Nội,01/17/2005,Nữ,5,15,24141789,0
000282,Cái Gia Huấn,742B,Sài Gòn,Sơn Trà,Hồ Chí Minh,04/14/1992,Nam,4,15,17817316,1
000283,Đoàn Yến Thảo,673,Hồ Chí Minh,Hà Đông,Đà Nẵng,01/17/1990,Nữ,1,15,23489489,0
000284,Y Ý Lan,482C,Hương Giang,Quận 12,Hà Nội,07/04/1971,Nam,4,15,13609865,0
000285,Mùa Minh Quân,695,Nguyễn Thị Minh Khai,Nam Từ Liêm,Hà Nội,12/23/1999,Nữ,2,15,28609227,0
000286,Ninh Tích Ðức,279D,Pasteur,Quận 1,Hà Nội,06/17/1974,Nữ,3,15,7623590,0
000287,Phạm Trường Vũ,236,Hàm Nghi,Đống Đa,Hà Nội,01/28/1991,Nam,4,15,29994429,0
000288,Mai Khôi Vĩ,847,Võ Thị Sáu,Quận 5,Đà Nẵng,07/23/2000,Nữ,2,15,9266420,0
000289,Bạch Bích Chiêu,249A,Lim,Sơn Trà,Hồ Chí Minh,04/10/1965,Nam,1,15,8084975,0
000290,Dương Bình Dân,897,Võ Thị Sáu,Tân Bình,Đà Nẵng,01/13/1996,Nam,2,15,29255944,1
000291,Đinh Thục Anh,207B,Hàm Thuận Nam,Quận 12,Hà Nội,07/28/2007,Nữ,3,15,28724999,1
000292,Phạm Hiệp Hiền,272B,Yersin,Long Biên,Hà Nội,10/14/1990,Nữ,1,15,8839542,0
000293,Phạm Thiện Minh,672A,Nguyễn Thị Minh Khai,Long Biên,Đà Nẵng,02/14/1988,Nam,1,15,7936859,1
000294,Nông Duy Thanh,106C,Lê Quang Đạo,Sơn Trà,Hà Nội,02/27/1975,Nam,5,15,7979771,1
000295,Lương Thế Doanh,835C,Bạch Đằng,Thanh Khê,Hồ Chí Minh,03/13/1989,Nam,1,15,29526170,1
000296,Bế Hạ Tiên,264,Kim Mã,Hoàng Mai,Hà Nội,05/18/1986,Nữ,4,15,25608003,1
000297,Lê Thông Ðạt,225,Thanh Niên,Quận 8,Đà Nẵng,07/28/2004,Nam,1,15,27878534,1
000298,Hồng Tâm Đan,743,Bằng Lăng,Ngũ Hành Sơn,Hà Nội,01/19/1965,Nữ,1,15,23068209,0
000299,Trịnh Đông Trà,350,Độc Lập,Quận 12,Đà Nẵng,07/08/2009,Nam,4,15,7823178,0
000300,Tạ Kim Thịnh,313,Mai Vàng,Quận 2,Đà Nẵng,10/13/1977,Nam,5,15,9418228,1
